name,path,key,competition
Liverpool,football__liverpool,prod-1000000087,football/england/premier_league
Bournemouth,football__bournemouth,prod-1000052183,football/england/premier_league
Newcastle United,football__newcastle_united,prod-1000000044,football/england/premier_league
Aston Villa,football__aston_villa,prod-1000000045,football/england/premier_league
Tottenham,football__tottenham,prod-1000000083,football/england/premier_league
Burnley,football__burnley,prod-1000026643,football/england/premier_league
West Ham,football__west_ham,prod-1000000082,football/england/premier_league
Sunderland,football__sunderland,prod-1000010221,football/england/premier_league
Fulham,football__fulham,prod-1000000103,football/england/premier_league
Brighton,football__brighton,prod-1000074063,football/england/premier_league
Wolves,football__wolves,prod-1000000071,football/england/premier_league
Manchester City,football__manchester_city,prod-1000000139,football/england/premier_league
Nottingham Forest,football__nottingham_forest,prod-1000000046,football/england/premier_league
Brentford,football__brentford,prod-1000069183,football/england/premier_league
Chelsea,football__chelsea,prod-1000000080,football/england/premier_league
Crystal Palace,football__crystal_palace,prod-1000013415,football/england/premier_league
Arsenal,football__arsenal,prod-1000000085,football/england/premier_league
Manchester United,football__manchester_united,prod-1000000086,football/england/premier_league
Everton,football__everton,prod-1000000047,football/england/premier_league
Leeds United,football__leeds_united,prod-1000007584,football/england/premier_league
Leeds AFC,football__leeds_afc,prod-1004648017,football/england/premier_league
Genoa,football__genoa,prod-1000000262,football/italy/serie_a
Lecce,football__lecce,prod-1000048748,football/italy/serie_a
Napoli,football__napoli,prod-1000000233,football/italy/serie_a
Sassuolo,football__sassuolo,prod-1000063908,football/italy/serie_a
Roma,football__roma,prod-1000000100,football/italy/serie_a
Bologna,football__bologna,prod-1000067512,football/italy/serie_a
AC Milan,football__ac_milan,prod-1000000095,football/italy/serie_a
Cremonese,football__cremonese,prod-1000085165,football/italy/serie_a
Inter,football__inter,prod-1000000101,football/italy/serie_a
Torino,football__torino,prod-1000000172,football/italy/serie_a
Lazio,football__lazio,prod-1000000099,football/italy/serie_a
Como,football__como,prod-1000057846,football/italy/serie_a
Fiorentina,football__fiorentina,prod-1000000092,football/italy/serie_a
Cagliari,football__cagliari,prod-1000000097,football/italy/serie_a
Atalanta,football__atalanta,prod-1000000232,football/italy/serie_a
Pisa,football__pisa,prod-1000031135,football/italy/serie_a
Juventus,football__juventus,prod-1000000052,football/italy/serie_a
Parma,football__parma,prod-1000000094,football/italy/serie_a
Udinese,football__udinese,prod-1000000096,football/italy/serie_a
Hellas Verona,football__hellas_verona,prod-1003000353,football/italy/serie_a
New York Red Bulls,football__new_york_red_bulls,prod-1000049619,football/usa/mls
Toronto FC,football__toronto_fc,prod-1000129223,football/usa/mls
New England Revolution,football__new_england_revolution,prod-1000030942,football/usa/mls
Nashville SC,football__nashville_sc,prod-1004494913,football/usa/mls
CF Montréal,football__cf_montréal,prod-1000316544,football/usa/mls
FC Cincinnati,football__fc_cincinnati,prod-1003103966,football/usa/mls
Columbus Crew,football__columbus_crew,prod-1000075957,football/usa/mls
Atlanta United FC,football__atlanta_united_fc,prod-1003735042,football/usa/mls
Sporting Kansas City,football__sporting_kansas_city,prod-1000021587,football/usa/mls
Charlotte FC,football__charlotte_fc,prod-1028220627,football/usa/mls
FC Dallas,football__fc_dallas,prod-1000079425,football/usa/mls
San Jose Earthquakes,football__san_jose_earthquakes,prod-1000288680,football/usa/mls
Chicago Fire,football__chicago_fire,prod-1000026977,football/usa/mls
Philadelphia Union,football__philadelphia_union,prod-1000739444,football/usa/mls
Orlando City,football__orlando_city,prod-1001025953,football/usa/mls
St. Louis City SC,football__st._louis_city_sc,prod-1028344979,football/usa/mls
Houston Dynamo,football__houston_dynamo,prod-1000034617,football/usa/mls
Minnesota United FC,football__minnesota_united_fc,prod-1003735043,football/usa/mls
Los Angeles Galaxy,football__los_angeles_galaxy,prod-1000002211,football/usa/mls
Colorado Rapids,football__colorado_rapids,prod-1000059374,football/usa/mls
Vancouver Whitecaps,football__vancouver_whitecaps,prod-1000316539,football/usa/mls
San Diego FC,football__san_diego_fc,prod-1030241001,football/usa/mls
D.C. United,football__d.c._united,prod-1000091446,football/usa/mls
New York City FC,football__new_york_city_fc,prod-1001970743,football/usa/mls
Portland Timbers,football__portland_timbers,prod-1000316538,football/usa/mls
Real Salt Lake,football__real_salt_lake,prod-1000081428,football/usa/mls
Seattle Sounders,football__seattle_sounders,prod-1000316541,football/usa/mls
Austin FC,football__austin_fc,prod-1007281714,football/usa/mls
Los Angeles FC,football__los_angeles_fc,prod-1004386839,football/usa/mls
Inter Miami CF,football__inter_miami_cf,prod-1005963206,football/usa/mls
VfL Wolfsburg,football__vfl_wolfsburg,prod-1000000104,football/germany/bundesliga
Eintracht Frankfurt,football__eintracht_frankfurt,prod-1000000106,football/germany/bundesliga
VfB Stuttgart,football__vfb_stuttgart,prod-1000000107,football/germany/bundesliga
Borussia Dortmund,football__borussia_dortmund,prod-1000000110,football/germany/bundesliga
Werder Bremen,football__werder_bremen,prod-1000000112,football/germany/bundesliga
Bayer Leverkusen,football__bayer_leverkusen,prod-1000000113,football/germany/bundesliga
Bayern München,football__bayern_münchen,prod-1000000114,football/germany/bundesliga
Hamburger SV,football__hamburger_sv,prod-1000000116,football/germany/bundesliga
Borussia Mönchengladbach,football__borussia_mönchengladbach,prod-1000000273,football/germany/bundesliga
1. FC Union Berlin,football__1._fc_union_berlin,prod-1000029243,football/germany/bundesliga
FC St. Pauli,football__fc_st._pauli,prod-1000034348,football/germany/bundesliga
SC Freiburg,football__sc_freiburg,prod-1000038628,football/germany/bundesliga
FC Augsburg,football__fc_augsburg,prod-1000053608,football/germany/bundesliga
TSG Hoffenheim,football__tsg_hoffenheim,prod-1000073095,football/germany/bundesliga
1. FC Köln,football__1._fc_köln,prod-1000084995,football/germany/bundesliga
1. FC Heidenheim,football__1._fc_heidenheim,prod-1000355762,football/germany/bundesliga
RB Leipzig,football__rb_leipzig,prod-1000729828,football/germany/bundesliga
1. FSV Mainz 05,football__1._fsv_mainz_05,prod-1005317426,football/germany/bundesliga
Valencia,football__valencia,prod-1000000035,football/spain/la_liga
Athletic Bilbao,football__athletic_bilbao,prod-1000000048,football/spain/la_liga
Atlético Madrid,football__atlético_madrid,prod-1000000123,football/spain/la_liga
Real Madrid,football__real_madrid,prod-1000000125,football/spain/la_liga
Mallorca,football__mallorca,prod-1000000126,football/spain/la_liga
Celta Vigo,football__celta_vigo,prod-1000000127,football/spain/la_liga
FC Barcelona,football__fc_barcelona,prod-1000000160,football/spain/la_liga
Real Sociedad,football__real_sociedad,prod-1000000162,football/spain/la_liga
Espanyol,football__espanyol,prod-1000000164,football/spain/la_liga
Alaves,football__alaves,prod-1000000165,football/spain/la_liga
Sevilla,football__sevilla,prod-1000000168,football/spain/la_liga
Real Betis,football__real_betis,prod-1000000169,football/spain/la_liga
Osasuna,football__osasuna,prod-1000000265,football/spain/la_liga
Villarreal,football__villarreal,prod-1000000285,football/spain/la_liga
Levante,football__levante,prod-1000000348,football/spain/la_liga
Getafe,football__getafe,prod-1000000351,football/spain/la_liga
Rayo Vallecano,football__rayo_vallecano,prod-1000008214,football/spain/la_liga
Girona,football__girona,prod-1000090163,football/spain/la_liga
Edmonton Oilers,ice_hockey__edmonton_oilers,prod-1000000043,ice_hockey/nhl
Toronto Maple Leafs,ice_hockey__toronto_maple_leafs,prod-1000000057,ice_hockey/nhl
Pittsburgh Penguins,ice_hockey__pittsburgh_penguins,prod-1000000058,ice_hockey/nhl
Nashville Predators,ice_hockey__nashville_predators,prod-1000000061,ice_hockey/nhl
Ottawa Senators,ice_hockey__ottawa_senators,prod-1000000102,ice_hockey/nhl
Columbus Blue Jackets,ice_hockey__columbus_blue_jackets,prod-1000000291,ice_hockey/nhl
Montreal Canadiens,ice_hockey__montreal_canadiens,prod-1000005630,ice_hockey/nhl
Florida Panthers,ice_hockey__florida_panthers,prod-1000006493,ice_hockey/nhl
Utah Mammoth,ice_hockey__utah_mammoth,prod-1000006881,ice_hockey/nhl
New York Islanders,ice_hockey__new_york_islanders,prod-1000007872,ice_hockey/nhl
Chicago Blackhawks,ice_hockey__chicago_blackhawks,prod-1000011008,ice_hockey/nhl
Tampa Bay Lightning,ice_hockey__tampa_bay_lightning,prod-1000019460,ice_hockey/nhl
Boston Bruins,ice_hockey__boston_bruins,prod-1000020113,ice_hockey/nhl
Carolina Hurricanes,ice_hockey__carolina_hurricanes,prod-1000025164,ice_hockey/nhl
Washington Capitals,ice_hockey__washington_capitals,prod-1000029987,ice_hockey/nhl
Vancouver Canucks,ice_hockey__vancouver_canucks,prod-1000034398,ice_hockey/nhl
New Jersey Devils,ice_hockey__new_jersey_devils,prod-1000035936,ice_hockey/nhl
Philadelphia Flyers,ice_hockey__philadelphia_flyers,prod-1000038732,ice_hockey/nhl
San José Sharks,ice_hockey__san_josé_sharks,prod-1000043326,ice_hockey/nhl
Buffalo Sabres,ice_hockey__buffalo_sabres,prod-1000046345,ice_hockey/nhl
St Louis Blues,ice_hockey__st_louis_blues,prod-1000047277,ice_hockey/nhl
Los Angeles Kings,ice_hockey__los_angeles_kings,prod-1000051424,ice_hockey/nhl
Colorado Avalanche,ice_hockey__colorado_avalanche,prod-1000054235,ice_hockey/nhl
Detroit Red Wings,ice_hockey__detroit_red_wings,prod-1000064687,ice_hockey/nhl
Anaheim Ducks,ice_hockey__anaheim_ducks,prod-1000068120,ice_hockey/nhl
Dallas Stars,ice_hockey__dallas_stars,prod-1000069841,ice_hockey/nhl
New York Rangers,ice_hockey__new_york_rangers,prod-1000073295,ice_hockey/nhl
Minnesota Wild,ice_hockey__minnesota_wild,prod-1000083567,ice_hockey/nhl
Calgary Flames,ice_hockey__calgary_flames,prod-1000085076,ice_hockey/nhl
Winnipeg Jets,ice_hockey__winnipeg_jets,prod-1001022116,ice_hockey/nhl
Vegas Golden Knights,ice_hockey__vegas_golden_knights,prod-1004026285,ice_hockey/nhl
Seattle Kraken,ice_hockey__seattle_kraken,prod-1007617358,ice_hockey/nhl
Dallas Cowboys,american_football__dallas_cowboys,prod-1000020068,american_football/nfl
Philadelphia Eagles,american_football__philadelphia_eagles,prod-1000065021,american_football/nfl
Los Angeles Chargers,american_football__los_angeles_chargers,prod-1000037375,american_football/nfl
Kansas City Chiefs,american_football__kansas_city_chiefs,prod-1000091850,american_football/nfl
New England Patriots,american_football__new_england_patriots,prod-1000000175,american_football/nfl
Las Vegas Raiders,american_football__las_vegas_raiders,prod-1000085238,american_football/nfl
Pittsburgh Steelers,american_football__pittsburgh_steelers,prod-1000000176,american_football/nfl
New York Jets,american_football__new_york_jets,prod-1000019658,american_football/nfl
Carolina Panthers,american_football__carolina_panthers,prod-1000000638,american_football/nfl
Jacksonville Jaguars,american_football__jacksonville_jaguars,prod-1000067383,american_football/nfl
Indianapolis Colts,american_football__indianapolis_colts,prod-1000000174,american_football/nfl
Miami Dolphins,american_football__miami_dolphins,prod-1000074777,american_football/nfl
Washington Commanders,american_football__washington_commanders,prod-1000000334,american_football/nfl
New York Giants,american_football__new_york_giants,prod-1000070038,american_football/nfl
Arizona Cardinals,american_football__arizona_cardinals,prod-1000043092,american_football/nfl
New Orleans Saints,american_football__new_orleans_saints,prod-1000062103,american_football/nfl
Atlanta Falcons,american_football__atlanta_falcons,prod-1000068767,american_football/nfl
Tampa Bay Buccaneers,american_football__tampa_bay_buccaneers,prod-1000086605,american_football/nfl
Cleveland Browns,american_football__cleveland_browns,prod-1000031301,american_football/nfl
Cincinnati Bengals,american_football__cincinnati_bengals,prod-1000056258,american_football/nfl
Denver Broncos,american_football__denver_broncos,prod-1000000177,american_football/nfl
Tennessee Titans,american_football__tennessee_titans,prod-1000058218,american_football/nfl
Seattle Seahawks,american_football__seattle_seahawks,prod-1000000333,american_football/nfl
San Francisco 49ers,american_football__san_francisco_49ers,prod-1000030413,american_football/nfl
Detroit Lions,american_football__detroit_lions,prod-1000047062,american_football/nfl
Green Bay Packers,american_football__green_bay_packers,prod-1000055908,american_football/nfl
Houston Texans,american_football__houston_texans,prod-1000080350,american_football/nfl
Los Angeles Rams,american_football__los_angeles_rams,prod-1000083544,american_football/nfl
Buffalo Bills,american_football__buffalo_bills,prod-1000017217,american_football/nfl
Baltimore Ravens,american_football__baltimore_ravens,prod-1000049533,american_football/nfl
Chicago Bears,american_football__chicago_bears,prod-1000000178,american_football/nfl
Minnesota Vikings,american_football__minnesota_vikings,prod-1000029137,american_football/nfl
NFC,american_football__nfc,prod-1000034870,american_football/nfl
AFC,american_football__afc,prod-1000044186,american_football/nfl
Purdue Boilermakers,american_football__purdue_boilermakers,prod-1000001784,american_football/ncaaf
California Golden Bears,american_football__california_golden_bears,prod-1000004879,american_football/ncaaf
Kansas State Wildcats,american_football__kansas_state_wildcats,prod-1000005538,american_football/ncaaf
Duke Blue Devils,american_football__duke_blue_devils,prod-1000006061,american_football/ncaaf
Michigan State Spartans,american_football__michigan_state_spartans,prod-1000007186,american_football/ncaaf
Virginia Tech Hokies,american_football__virginia_tech_hokies,prod-1000007836,american_football/ncaaf
North Carolina State Wolfpack,american_football__north_carolina_state_wolfpack,prod-1000008804,american_football/ncaaf
Colorado State Rams,american_football__colorado_state_rams,prod-1000010630,american_football/ncaaf
Florida Atlantic Owls,american_football__florida_atlantic_owls,prod-1000016909,american_football/ncaaf
Nebraska Cornhuskers,american_football__nebraska_cornhuskers,prod-1000018978,american_football/ncaaf
Florida International Golden Panthers,american_football__florida_international_golden_panthers,prod-1000019749,american_football/ncaaf
Louisiana-Monroe Warhawks,american_football__louisiana-monroe_warhawks,prod-1000020079,american_football/ncaaf
TCU Horned Frogs,american_football__tcu_horned_frogs,prod-1000020423,american_football/ncaaf
Nevada Wolf Pack,american_football__nevada_wolf_pack,prod-1000020834,american_football/ncaaf
Iowa Hawkeyes,american_football__iowa_hawkeyes,prod-1000021228,american_football/ncaaf
Auburn Tigers,american_football__auburn_tigers,prod-1000022001,american_football/ncaaf
South Carolina Gamecocks,american_football__south_carolina_gamecocks,prod-1000022102,american_football/ncaaf
Kent State Golden Flashes,american_football__kent_state_golden_flashes,prod-1000022647,american_football/ncaaf
UAB Blazers,american_football__uab_blazers,prod-1000022790,american_football/ncaaf
Arizona State Sun Devils,american_football__arizona_state_sun_devils,prod-1000024380,american_football/ncaaf
Boise State Broncos,american_football__boise_state_broncos,prod-1000025039,american_football/ncaaf
Air Force Falcons,american_football__air_force_falcons,prod-1000025114,american_football/ncaaf
North Carolina Tar Heels,american_football__north_carolina_tar_heels,prod-1000025215,american_football/ncaaf
San Diego State Aztecs,american_football__san_diego_state_aztecs,prod-1000025280,american_football/ncaaf
USC Trojans,american_football__usc_trojans,prod-1000025525,american_football/ncaaf
Georgia Tech Yellow Jackets,american_football__georgia_tech_yellow_jackets,prod-1000025807,american_football/ncaaf
Florida Gators,american_football__florida_gators,prod-1000025922,american_football/ncaaf
Pittsburgh Panthers,american_football__pittsburgh_panthers,prod-1000028578,american_football/ncaaf
Clemson Tigers,american_football__clemson_tigers,prod-1000031197,american_football/ncaaf
West Virginia Mountaineers,american_football__west_virginia_mountaineers,prod-1000032680,american_football/ncaaf
Syracuse Orange,american_football__syracuse_orange,prod-1000032841,american_football/ncaaf
Kentucky Wildcats,american_football__kentucky_wildcats,prod-1000034282,american_football/ncaaf
Texas A&M Aggies,american_football__texas_a&m_aggies,prod-1000034769,american_football/ncaaf
Houston Cougars,american_football__houston_cougars,prod-1000035618,american_football/ncaaf
Rice Owls,american_football__rice_owls,prod-1000035650,american_football/ncaaf
Kansas Jayhawks,american_football__kansas_jayhawks,prod-1000036410,american_football/ncaaf
Southern Methodist University Mustangs,american_football__southern_methodist_university_mustangs,prod-1000036856,american_football/ncaaf
Virginia Cavaliers,american_football__virginia_cavaliers,prod-1000039451,american_football/ncaaf
Tennessee Volunteers,american_football__tennessee_volunteers,prod-1000039871,american_football/ncaaf
Louisville Cardinals,american_football__louisville_cardinals,prod-1000039921,american_football/ncaaf
Alabama Crimson Tide,american_football__alabama_crimson_tide,prod-1000040823,american_football/ncaaf
Bowling Green Falcons,american_football__bowling_green_falcons,prod-1000040884,american_football/ncaaf
UCLA Bruins,american_football__ucla_bruins,prod-1000041015,american_football/ncaaf
Texas Tech Red Raiders,american_football__texas_tech_red_raiders,prod-1000041164,american_football/ncaaf
Iowa State Cyclones,american_football__iowa_state_cyclones,prod-1000042804,american_football/ncaaf
San Jose State Spartans,american_football__san_jose_state_spartans,prod-1000042818,american_football/ncaaf
Boston College Eagles,american_football__boston_college_eagles,prod-1000043772,american_football/ncaaf
New Mexico State Aggies,american_football__new_mexico_state_aggies,prod-1000044342,american_football/ncaaf
Mississippi State Bulldogs,american_football__mississippi_state_bulldogs,prod-1000045692,american_football/ncaaf
Utah State Aggies,american_football__utah_state_aggies,prod-1000046343,american_football/ncaaf
Central Michigan Chippewas,american_football__central_michigan_chippewas,prod-1000046748,american_football/ncaaf
Washington Huskies,american_football__washington_huskies,prod-1000046888,american_football/ncaaf
Western Michigan Broncos,american_football__western_michigan_broncos,prod-1000046942,american_football/ncaaf
Arkansas Razorbacks,american_football__arkansas_razorbacks,prod-1000047502,american_football/ncaaf
Ohio Bobcats,american_football__ohio_bobcats,prod-1000047540,american_football/ncaaf
East Carolina Pirates,american_football__east_carolina_pirates,prod-1000047740,american_football/ncaaf
Maryland Terrapins,american_football__maryland_terrapins,prod-1000048653,american_football/ncaaf
Minnesota Golden Gophers,american_football__minnesota_golden_gophers,prod-1000048726,american_football/ncaaf
Brigham Young Cougars,american_football__brigham_young_cougars,prod-1000049037,american_football/ncaaf
Vanderbilt Commodores,american_football__vanderbilt_commodores,prod-1000049302,american_football/ncaaf
Penn State Nittany Lions,american_football__penn_state_nittany_lions,prod-1000050079,american_football/ncaaf
Wisconsin Badgers,american_football__wisconsin_badgers,prod-1000051282,american_football/ncaaf
Ball State Cardinals,american_football__ball_state_cardinals,prod-1000052317,american_football/ncaaf
Notre Dame Fighting Irish,american_football__notre_dame_fighting_irish,prod-1000052627,american_football/ncaaf
Ohio State Buckeyes,american_football__ohio_state_buckeyes,prod-1000052741,american_football/ncaaf
Memphis Tigers,american_football__memphis_tigers,prod-1000056966,american_football/ncaaf
Louisiana Ragin' Cajuns,american_football__louisiana_ragin'_cajuns,prod-1000058124,american_football/ncaaf
Stanford Cardinal,american_football__stanford_cardinal,prod-1000058806,american_football/ncaaf
UTEP Miners,american_football__utep_miners,prod-1000059550,american_football/ncaaf
Hawaii Rainbow Warriors,american_football__hawaii_rainbow_warriors,prod-1000060175,american_football/ncaaf
Wyoming Cowboys,american_football__wyoming_cowboys,prod-1000061108,american_football/ncaaf
Cincinnati Bearcats,american_football__cincinnati_bearcats,prod-1000061360,american_football/ncaaf
Northwestern Wildcats,american_football__northwestern_wildcats,prod-1000061395,american_football/ncaaf
Baylor Bears,american_football__baylor_bears,prod-1000061697,american_football/ncaaf
Tulane Green Wave,american_football__tulane_green_wave,prod-1000061840,american_football/ncaaf
Arizona Wildcats,american_football__arizona_wildcats,prod-1000063305,american_football/ncaaf
Oregon Ducks,american_football__oregon_ducks,prod-1000063673,american_football/ncaaf
Northern Illinois Huskies,american_football__northern_illinois_huskies,prod-1000064347,american_football/ncaaf
Michigan Wolverines,american_football__michigan_wolverines,prod-1000067865,american_football/ncaaf
Oklahoma Sooners,american_football__oklahoma_sooners,prod-1000067905,american_football/ncaaf
South Florida Bulls,american_football__south_florida_bulls,prod-1000068256,american_football/ncaaf
Akron Zips,american_football__akron_zips,prod-1000068454,american_football/ncaaf
Fresno State Bulldogs,american_football__fresno_state_bulldogs,prod-1000068609,american_football/ncaaf
Troy Trojans,american_football__troy_trojans,prod-1000069910,american_football/ncaaf
UNLV Rebels,american_football__unlv_rebels,prod-1000071151,american_football/ncaaf
New Mexico Lobos,american_football__new_mexico_lobos,prod-1000071351,american_football/ncaaf
Washington State Cougars,american_football__washington_state_cougars,prod-1000071439,american_football/ncaaf
Colorado Buffaloes,american_football__colorado_buffaloes,prod-1000072147,american_football/ncaaf
Toledo Rockets,american_football__toledo_rockets,prod-1000076080,american_football/ncaaf
North Texas Mean Green,american_football__north_texas_mean_green,prod-1000079778,american_football/ncaaf
Navy Midshipmen,american_football__navy_midshipmen,prod-1000080315,american_football/ncaaf
Connecticut Huskies,american_football__connecticut_huskies,prod-1000080912,american_football/ncaaf
Temple Owls,american_football__temple_owls,prod-1000081104,american_football/ncaaf
Ole Miss Rebels,american_football__ole_miss_rebels,prod-1000081861,american_football/ncaaf
Rutgers Scarlet Knights,american_football__rutgers_scarlet_knights,prod-1000082418,american_football/ncaaf
Indiana Hoosiers,american_football__indiana_hoosiers,prod-1000082458,american_football/ncaaf
Buffalo Bulls,american_football__buffalo_bulls,prod-1000083177,american_football/ncaaf
Florida State Seminoles,american_football__florida_state_seminoles,prod-1000083462,american_football/ncaaf
Miami Ohio Redhawks,american_football__miami_ohio_redhawks,prod-1000084214,american_football/ncaaf
LSU Tigers,american_football__lsu_tigers,prod-1000084586,american_football/ncaaf
Oregon State Beavers,american_football__oregon_state_beavers,prod-1000084593,american_football/ncaaf
Oklahoma State Cowboys,american_football__oklahoma_state_cowboys,prod-1000084863,american_football/ncaaf
Illinois Fighting Illini,american_football__illinois_fighting_illini,prod-1000085884,american_football/ncaaf
Georgia Bulldogs,american_football__georgia_bulldogs,prod-1000086632,american_football/ncaaf
Army Black Knights,american_football__army_black_knights,prod-1000087348,american_football/ncaaf
Eastern Michigan Eagles,american_football__eastern_michigan_eagles,prod-1000087448,american_football/ncaaf
Missouri Tigers,american_football__missouri_tigers,prod-1000087707,american_football/ncaaf
Louisiana Tech Bulldogs,american_football__louisiana_tech_bulldogs,prod-1000088417,american_football/ncaaf
Miami Florida Hurricanes,american_football__miami_florida_hurricanes,prod-1000089661,american_football/ncaaf
Wake Forest Demon Deacons,american_football__wake_forest_demon_deacons,prod-1000091523,american_football/ncaaf
Utah Utes,american_football__utah_utes,prod-1000092888,american_football/ncaaf
Marshall Thundering Herd,american_football__marshall_thundering_herd,prod-1000437750,american_football/ncaaf
Southern Miss Golden Eagles,american_football__southern_miss_golden_eagles,prod-1000437751,american_football/ncaaf
UCF Knights,american_football__ucf_knights,prod-1000437762,american_football/ncaaf
Western Kentucky Hilltoppers,american_football__western_kentucky_hilltoppers,prod-1000471874,american_football/ncaaf
Georgia Southern Eagles,american_football__georgia_southern_eagles,prod-1000668724,american_football/ncaaf
Georgia State Panthers,american_football__georgia_state_panthers,prod-1000901791,american_football/ncaaf
Appalachian State Mountaineers,american_football__appalachian_state_mountaineers,prod-1000901794,american_football/ncaaf
Coastal Carolina Chanticleers,american_football__coastal_carolina_chanticleers,prod-1000903559,american_football/ncaaf
Middle Tennessee State Blue Raiders,american_football__middle_tennessee_state_blue_raiders,prod-1000914486,american_football/ncaaf
Liberty Flames,american_football__liberty_flames,prod-1001078296,american_football/ncaaf
Texas Longhorns,american_football__texas_longhorns,prod-1001078328,american_football/ncaaf
Texas State Bobcats,american_football__texas_state_bobcats,prod-1001090655,american_football/ncaaf
UTSA Roadrunners,american_football__utsa_roadrunners,prod-1001091020,american_football/ncaaf
South Alabama Jaguars,american_football__south_alabama_jaguars,prod-1001091022,american_football/ncaaf
Massachusetts Minutemen,american_football__massachusetts_minutemen,prod-1001091023,american_football/ncaaf
Arkansas State Red Wolves,american_football__arkansas_state_red_wolves,prod-1001158143,american_football/ncaaf
James Madison Dukes,american_football__james_madison_dukes,prod-1001337417,american_football/ncaaf
Old Dominion Monarchs,american_football__old_dominion_monarchs,prod-1001446374,american_football/ncaaf
Charlotte 49ers,american_football__charlotte_49ers,prod-1002787882,american_football/ncaaf
Sam Houston State Bearkats,american_football__sam_houston_state_bearkats,prod-1000660411,american_football/ncaaf
Jacksonville State Gamecocks,american_football__jacksonville_state_gamecocks,prod-1001122818,american_football/ncaaf
Kennesaw State Owls,american_football__kennesaw_state_owls,prod-1004298626,american_football/ncaaf
Tulsa Golden Hurricane,american_football__tulsa_golden_hurricane,prod-1000005651,american_football/ncaaf
Delaware Fighting Blue Hens,american_football__delaware_fighting_blue_hens,prod-1000912981,american_football/ncaaf
Missouri State Bears,american_football__missouri_state_bears,prod-1001091018,american_football/ncaaf
LSU Tigers,basketball__lsu_tigers,prod-1000000582,basketball/ncaab
Florida Gators,basketball__florida_gators,prod-1000000583,basketball/ncaab
Duke Blue Devils,basketball__duke_blue_devils,prod-1000000987,basketball/ncaab
Iona Gaels,basketball__iona_gaels,prod-1000002162,basketball/ncaab
Ohio State Buckeyes,basketball__ohio_state_buckeyes,prod-1000002991,basketball/ncaab
West Virginia Mountaineers,basketball__west_virginia_mountaineers,prod-1000009659,basketball/ncaab
Brigham Young Cougars,basketball__brigham_young_cougars,prod-1000010099,basketball/ncaab
Seton Hall Pirates,basketball__seton_hall_pirates,prod-1000011288,basketball/ncaab
Maryland Terrapins,basketball__maryland_terrapins,prod-1000013705,basketball/ncaab
Nebraska Cornhuskers,basketball__nebraska_cornhuskers,prod-1000014605,basketball/ncaab
Wichita State Shockers,basketball__wichita_state_shockers,prod-1000014772,basketball/ncaab
Washington State Cougars,basketball__washington_state_cougars,prod-1000015157,basketball/ncaab
Marquette Golden Eagles,basketball__marquette_golden_eagles,prod-1000015447,basketball/ncaab
New Mexico State Aggies,basketball__new_mexico_state_aggies,prod-1000016022,basketball/ncaab
Long Beach State,basketball__long_beach_state,prod-1000017708,basketball/ncaab
Xavier Musketeers,basketball__xavier_musketeers,prod-1000021542,basketball/ncaab
Arizona Wildcats,basketball__arizona_wildcats,prod-1000023161,basketball/ncaab
Kansas State Wildcats,basketball__kansas_state_wildcats,prod-1000026340,basketball/ncaab
North Carolina Tar Heels,basketball__north_carolina_tar_heels,prod-1000026580,basketball/ncaab
Utah State Aggies,basketball__utah_state_aggies,prod-1000029661,basketball/ncaab
Texas A&M Aggies,basketball__texas_a&m_aggies,prod-1000030891,basketball/ncaab
Memphis Tigers,basketball__memphis_tigers,prod-1000030988,basketball/ncaab
Illinois Fighting Illini,basketball__illinois_fighting_illini,prod-1000031498,basketball/ncaab
Kent State Golden Flashes,basketball__kent_state_golden_flashes,prod-1000031881,basketball/ncaab
San Diego State Aztecs,basketball__san_diego_state_aztecs,prod-1000032922,basketball/ncaab
Purdue Boilermakers,basketball__purdue_boilermakers,prod-1000034908,basketball/ncaab
Connecticut Huskies,basketball__connecticut_huskies,prod-1000037113,basketball/ncaab
Pittsburgh Panthers,basketball__pittsburgh_panthers,prod-1000038488,basketball/ncaab
Michigan State Spartans,basketball__michigan_state_spartans,prod-1000038971,basketball/ncaab
Creighton Bluejays,basketball__creighton_bluejays,prod-1000039783,basketball/ncaab
Texas Tech Red Raiders,basketball__texas_tech_red_raiders,prod-1000041009,basketball/ncaab
Gonzaga Bulldogs,basketball__gonzaga_bulldogs,prod-1000041329,basketball/ncaab
USC Trojans,basketball__usc_trojans,prod-1000043857,basketball/ncaab
Vanderbilt Commodores,basketball__vanderbilt_commodores,prod-1000047243,basketball/ncaab
Wisconsin Badgers,basketball__wisconsin_badgers,prod-1000047529,basketball/ncaab
Virginia Tech Hokies,basketball__virginia_tech_hokies,prod-1000052067,basketball/ncaab
Tennessee Volunteers,basketball__tennessee_volunteers,prod-1000052824,basketball/ncaab
Villanova Wildcats,basketball__villanova_wildcats,prod-1000056266,basketball/ncaab
Virginia Commonwealth Rams,basketball__virginia_commonwealth_rams,prod-1000056970,basketball/ncaab
Kentucky Wildcats,basketball__kentucky_wildcats,prod-1000059069,basketball/ncaab
Iowa Hawkeyes,basketball__iowa_hawkeyes,prod-1000059826,basketball/ncaab
Butler Bulldogs,basketball__butler_bulldogs,prod-1000059872,basketball/ncaab
Louisville Cardinals,basketball__louisville_cardinals,prod-1000060194,basketball/ncaab
Georgetown Hoyas,basketball__georgetown_hoyas,prod-1000061674,basketball/ncaab
Montana Grizzlies,basketball__montana_grizzlies,prod-1000066825,basketball/ncaab
George Mason Patriots,basketball__george_mason_patriots,prod-1000067723,basketball/ncaab
North Carolina State Wolfpack,basketball__north_carolina_state_wolfpack,prod-1000068317,basketball/ncaab
Oregon Ducks,basketball__oregon_ducks,prod-1000070700,basketball/ncaab
Arkansas Razorbacks,basketball__arkansas_razorbacks,prod-1000071064,basketball/ncaab
South Carolina Gamecocks,basketball__south_carolina_gamecocks,prod-1000071276,basketball/ncaab
UCLA Bruins,basketball__ucla_bruins,prod-1000073685,basketball/ncaab
Winthrop Eagles,basketball__winthrop_eagles,prod-1000074099,basketball/ncaab
Davidson Wildcats,basketball__davidson_wildcats,prod-1000074429,basketball/ncaab
Murray State Racers,basketball__murray_state_racers,prod-1000075469,basketball/ncaab
Syracuse Orange,basketball__syracuse_orange,prod-1000075585,basketball/ncaab
Indiana Hoosiers,basketball__indiana_hoosiers,prod-1000076921,basketball/ncaab
Alabama Crimson Tide,basketball__alabama_crimson_tide,prod-1000076950,basketball/ncaab
Stanford Cardinal,basketball__stanford_cardinal,prod-1000077140,basketball/ncaab
Oklahoma Sooners,basketball__oklahoma_sooners,prod-1000078700,basketball/ncaab
Boston College Eagles,basketball__boston_college_eagles,prod-1000078819,basketball/ncaab
Notre Dame Fighting Irish,basketball__notre_dame_fighting_irish,prod-1000080742,basketball/ncaab
Oral Roberts Golden Eagles,basketball__oral_roberts_golden_eagles,prod-1000083020,basketball/ncaab
Wright State Raiders,basketball__wright_state_raiders,prod-1000084279,basketball/ncaab
Georgia Tech Yellow Jackets,basketball__georgia_tech_yellow_jackets,prod-1000085301,basketball/ncaab
Nevada Wolf Pack,basketball__nevada_wolf_pack,prod-1000088735,basketball/ncaab
Texas A&M Corpus Christi Islanders,basketball__texas_a&m_corpus_christi_islanders,prod-1000090710,basketball/ncaab
UNLV Rebels,basketball__unlv_rebels,prod-1000091353,basketball/ncaab
Grambling State Tigers,basketball__grambling_state_tigers,prod-1000195147,basketball/ncaab
Michigan Wolverines,basketball__michigan_wolverines,prod-1000273316,basketball/ncaab
Saint Louis Billikens,basketball__saint_louis_billikens,prod-1000285152,basketball/ncaab
Wake Forest Demon Deacons,basketball__wake_forest_demon_deacons,prod-1000285154,basketball/ncaab
Florida State Seminoles,basketball__florida_state_seminoles,prod-1000285155,basketball/ncaab
Eastern Michigan Eagles (D1),basketball__eastern_michigan_eagles_(d1),prod-1000285158,basketball/ncaab
Providence Friars,basketball__providence_friars,prod-1000285171,basketball/ncaab
Duquesne Dukes,basketball__duquesne_dukes,prod-1000285177,basketball/ncaab
Mt. St. Mary's Mountaineers,basketball__mt._st._mary's_mountaineers,prod-1000285179,basketball/ncaab
Cincinnati Bearcats,basketball__cincinnati_bearcats,prod-1000285182,basketball/ncaab
Miami Florida Hurricanes,basketball__miami_florida_hurricanes,prod-1000287063,basketball/ncaab
Minnesota Golden Gophers,basketball__minnesota_golden_gophers,prod-1000287323,basketball/ncaab
Clemson Tigers,basketball__clemson_tigers,prod-1000287328,basketball/ncaab
Boise State Broncos,basketball__boise_state_broncos,prod-1000287574,basketball/ncaab
Baylor Bears,basketball__baylor_bears,prod-1000287656,basketball/ncaab
Cal State Fullerton Titans,basketball__cal_state_fullerton_titans,prod-1000287660,basketball/ncaab
Drake Bulldogs,basketball__drake_bulldogs,prod-1000287662,basketball/ncaab
Georgia Bulldogs,basketball__georgia_bulldogs,prod-1000287663,basketball/ncaab
Kansas Jayhawks,basketball__kansas_jayhawks,prod-1000287664,basketball/ncaab
Mississippi State Bulldogs,basketball__mississippi_state_bulldogs,prod-1000287665,basketball/ncaab
Saint Mary's Gaels,basketball__saint_mary's_gaels,prod-1000287670,basketball/ncaab
Temple Owls,basketball__temple_owls,prod-1000287671,basketball/ncaab
Western Kentucky Hilltoppers,basketball__western_kentucky_hilltoppers,prod-1000287672,basketball/ncaab
Dayton Flyers,basketball__dayton_flyers,prod-1000289788,basketball/ncaab
Akron Zips,basketball__akron_zips,prod-1000490039,basketball/ncaab
Appalachian State Mountaineers,basketball__appalachian_state_mountaineers,prod-1000490040,basketball/ncaab
Arizona State Sun Devils,basketball__arizona_state_sun_devils,prod-1000490041,basketball/ncaab
Auburn Tigers,basketball__auburn_tigers,prod-1000490043,basketball/ncaab
Chattanooga Mocs,basketball__chattanooga_mocs,prod-1000490050,basketball/ncaab
Cleveland State Vikings,basketball__cleveland_state_vikings,prod-1000490079,basketball/ncaab
Charleston Cougars,basketball__charleston_cougars,prod-1000490080,basketball/ncaab
Colorado Buffaloes,basketball__colorado_buffaloes,prod-1000490081,basketball/ncaab
Colorado State Rams,basketball__colorado_state_rams,prod-1000490082,basketball/ncaab
Delaware Fighting Blue Hens,basketball__delaware_fighting_blue_hens,prod-1000490084,basketball/ncaab
DePaul Blue Demons,basketball__depaul_blue_demons,prod-1000490085,basketball/ncaab
Harvard Crimson,basketball__harvard_crimson,prod-1000490091,basketball/ncaab
High Point Panthers,basketball__high_point_panthers,prod-1000490092,basketball/ncaab
Houston Cougars,basketball__houston_cougars,prod-1000490094,basketball/ncaab
Iowa State Cyclones,basketball__iowa_state_cyclones,prod-1000490096,basketball/ncaab
Liberty Flames,basketball__liberty_flames,prod-1000490097,basketball/ncaab
Louisiana Ragin' Cajuns,basketball__louisiana_ragin'_cajuns,prod-1000490100,basketball/ncaab
Loyola Marymount Lions,basketball__loyola_marymount_lions,prod-1000490101,basketball/ncaab
Missouri Tigers,basketball__missouri_tigers,prod-1000490117,basketball/ncaab
Montana State Bobcats,basketball__montana_state_bobcats,prod-1000490118,basketball/ncaab
New Mexico Lobos,basketball__new_mexico_lobos,prod-1000490121,basketball/ncaab
Northwestern Wildcats,basketball__northwestern_wildcats,prod-1000490126,basketball/ncaab
Ohio Bobcats,basketball__ohio_bobcats,prod-1000490128,basketball/ncaab
Oklahoma State Cowboys,basketball__oklahoma_state_cowboys,prod-1000490129,basketball/ncaab
Ole Miss Rebels,basketball__ole_miss_rebels,prod-1000490131,basketball/ncaab
Oregon State Beavers,basketball__oregon_state_beavers,prod-1000490132,basketball/ncaab
Penn State Nittany Lions,basketball__penn_state_nittany_lions,prod-1000490134,basketball/ncaab
Princeton Tigers,basketball__princeton_tigers,prod-1000490136,basketball/ncaab
Rhode Island Rams,basketball__rhode_island_rams,prod-1000490137,basketball/ncaab
Richmond Spiders,basketball__richmond_spiders,prod-1000490139,basketball/ncaab
Rutgers Scarlet Knights,basketball__rutgers_scarlet_knights,prod-1000490140,basketball/ncaab
San Francisco Dons,basketball__san_francisco_dons,prod-1000490141,basketball/ncaab
South Florida Bulls,basketball__south_florida_bulls,prod-1000490161,basketball/ncaab
Saint Bonaventure Bonnies,basketball__saint_bonaventure_bonnies,prod-1000490162,basketball/ncaab
Saint John's Red Storm,basketball__saint_john's_red_storm,prod-1000490163,basketball/ncaab
Texas Southern Tigers,basketball__texas_southern_tigers,prod-1000490164,basketball/ncaab
Utah Utes,basketball__utah_utes,prod-1000490166,basketball/ncaab
Vermont Catamounts,basketball__vermont_catamounts,prod-1000490169,basketball/ncaab
Virginia Cavaliers,basketball__virginia_cavaliers,prod-1000490170,basketball/ncaab
Yale Bulldogs,basketball__yale_bulldogs,prod-1000490174,basketball/ncaab
Washington Huskies,basketball__washington_huskies,prod-1000490176,basketball/ncaab
Southern Methodist University Mustangs,basketball__southern_methodist_university_mustangs,prod-1000490177,basketball/ncaab
TCU Horned Frogs,basketball__tcu_horned_frogs,prod-1000490178,basketball/ncaab
UAB Blazers,basketball__uab_blazers,prod-1000490179,basketball/ncaab
UC Santa Barbara Gauchos,basketball__uc_santa_barbara_gauchos,prod-1000490181,basketball/ncaab
Massachusetts Minutemen,basketball__massachusetts_minutemen,prod-1000490184,basketball/ncaab
Wyoming Cowboys,basketball__wyoming_cowboys,prod-1000490189,basketball/ncaab
Brown Bears,basketball__brown_bears,prod-1000529523,basketball/ncaab
Pennsylvania Quakers,basketball__pennsylvania_quakers,prod-1000529524,basketball/ncaab
Loyola Chicago Ramblers,basketball__loyola_chicago_ramblers,prod-1000529525,basketball/ncaab
Saint Peter's Peacocks,basketball__saint_peter's_peacocks,prod-1000529528,basketball/ncaab
Loyola Maryland Greyhounds,basketball__loyola_maryland_greyhounds,prod-1000529529,basketball/ncaab
Morehead State Eagles,basketball__morehead_state_eagles,prod-1000543969,basketball/ncaab
Alabama State Hornets,basketball__alabama_state_hornets,prod-1000543970,basketball/ncaab
Northern Iowa Panthers,basketball__northern_iowa_panthers,prod-1000544258,basketball/ncaab
American University Eagles,basketball__american_university_eagles,prod-1000544260,basketball/ncaab
East Tennessee State Buccaneers,basketball__east_tennessee_state_buccaneers,prod-1000544264,basketball/ncaab
Robert Morris Colonials,basketball__robert_morris_colonials,prod-1000544269,basketball/ncaab
Texas Longhorns,basketball__texas_longhorns,prod-1000584655,basketball/ncaab
North Carolina-Wilmington Seahawks,basketball__north_carolina-wilmington_seahawks,prod-1000693808,basketball/ncaab
Eastern Washington Eagles,basketball__eastern_washington_eagles,prod-1000703535,basketball/ncaab
UNCG Spartans,basketball__uncg_spartans,prod-1000703731,basketball/ncaab
Furman Paladins,basketball__furman_paladins,prod-1000703732,basketball/ncaab
Drexel Dragons,basketball__drexel_dragons,prod-1000703735,basketball/ncaab
Southeast Missouri State Redhawks,basketball__southeast_missouri_state_redhawks,prod-1000704877,basketball/ncaab
Samford Bulldogs,basketball__samford_bulldogs,prod-1000704878,basketball/ncaab
Georgia State Panthers,basketball__georgia_state_panthers,prod-1000704880,basketball/ncaab
SIU Edwardsville Cougars,basketball__siu_edwardsville_cougars,prod-1000705084,basketball/ncaab
Florida Atlantic Owls,basketball__florida_atlantic_owls,prod-1000705244,basketball/ncaab
James Madison Dukes,basketball__james_madison_dukes,prod-1000705245,basketball/ncaab
South Dakota State Jackrabbits,basketball__south_dakota_state_jackrabbits,prod-1000705246,basketball/ncaab
Utah Valley Wolverines,basketball__utah_valley_wolverines,prod-1000707117,basketball/ncaab
Norfolk State Spartans,basketball__norfolk_state_spartans,prod-1000707118,basketball/ncaab
Bryant Bulldogs,basketball__bryant_bulldogs,prod-1000707119,basketball/ncaab
Jacksonville State Gamecocks,basketball__jacksonville_state_gamecocks,prod-1000707419,basketball/ncaab
Howard Bison,basketball__howard_bison,prod-1000707421,basketball/ncaab
Indiana State Sycamores,basketball__indiana_state_sycamores,prod-1000707423,basketball/ncaab
Belmont Bruins,basketball__belmont_bruins,prod-1000707425,basketball/ncaab
Wofford Terriers,basketball__wofford_terriers,prod-1000707428,basketball/ncaab
Oakland Golden Grizzlies,basketball__oakland_golden_grizzlies,prod-1000708137,basketball/ncaab
North Texas Mean Green,basketball__north_texas_mean_green,prod-1000746016,basketball/ncaab
Fairleigh Dickinson Knights,basketball__fairleigh_dickinson_knights,prod-1000912198,basketball/ncaab
Colgate Raiders,basketball__colgate_raiders,prod-1000914320,basketball/ncaab
Wagner Seahawks,basketball__wagner_seahawks,prod-1000916726,basketball/ncaab
St. Francis (PA) Red Flash,basketball__st._francis_(pa)_red_flash,prod-1000916729,basketball/ncaab
Lipscomb Bisons,basketball__lipscomb_bisons,prod-1000930217,basketball/ncaab
Stetson Hatters,basketball__stetson_hatters,prod-1000930224,basketball/ncaab
Missouri State Bears,basketball__missouri_state_bears,prod-1000932715,basketball/ncaab
North Carolina Asheville Bulldogs,basketball__north_carolina_asheville_bulldogs,prod-1000961161,basketball/ncaab
Hartford Hawks,basketball__hartford_hawks,prod-1001139444,basketball/ncaab
Longwood Lancers,basketball__longwood_lancers,prod-1001139495,basketball/ncaab
Troy Trojans,basketball__troy_trojans,prod-1001139521,basketball/ncaab
Grand Canyon Antelopes,basketball__grand_canyon_antelopes,prod-1001139587,basketball/ncaab
Kennesaw State Owls,basketball__kennesaw_state_owls,prod-1001139634,basketball/ncaab
Nebraska Omaha Mavericks,basketball__nebraska_omaha_mavericks,prod-1001139636,basketball/ncaab
Northern Kentucky Norse,basketball__northern_kentucky_norse,prod-1001432897,basketball/ncaab
Abilene Christian Wildcats,basketball__abilene_christian_wildcats,prod-1001842708,basketball/ncaab
UC Irvine Anteaters,basketball__uc_irvine_anteaters,prod-1004352918,basketball/ncaab
UC San Diego Tritons,basketball__uc_san_diego_tritons,prod-1005068530,basketball/ncaab
Mount St Mary Knights,basketball__mount_st_mary_knights,prod-1005957739,basketball/ncaab
McNeese State Cowboys,basketball__mcneese_state_cowboys,prod-1028325270,basketball/ncaab
Long Beach State 49ers,basketball__long_beach_state_49ers,prod-1030095514,basketball/ncaab
Chicago White Sox,baseball__chicago_white_sox,prod-1000049847,baseball/mlb
Arizona Diamondbacks,baseball__arizona_diamondbacks,prod-1000070737,baseball/mlb
Milwaukee Brewers,baseball__milwaukee_brewers,prod-1000038294,baseball/mlb
Pittsburgh Pirates,baseball__pittsburgh_pirates,prod-1000061089,baseball/mlb
Boston Red Sox,baseball__boston_red_sox,prod-1000056551,baseball/mlb
Los Angeles Angels,baseball__los_angeles_angels,prod-1000060967,baseball/mlb
San Diego Padres,baseball__san_diego_padres,prod-1000017249,baseball/mlb
Washington Nationals,baseball__washington_nationals,prod-1000063677,baseball/mlb
Baltimore Orioles,baseball__baltimore_orioles,prod-1000018255,baseball/mlb
Texas Rangers,baseball__texas_rangers,prod-1000085122,baseball/mlb
Athletics,baseball__athletics,prod-1000015500,baseball/mlb
Detroit Tigers,baseball__detroit_tigers,prod-1000024135,baseball/mlb
Toronto Blue Jays,baseball__toronto_blue_jays,prod-1000080734,baseball/mlb
Cleveland Guardians,baseball__cleveland_guardians,prod-1008197561,baseball/mlb
New York Mets,baseball__new_york_mets,prod-1000048232,baseball/mlb
Atlanta Braves,baseball__atlanta_braves,prod-1000082147,baseball/mlb
New York Yankees,baseball__new_york_yankees,prod-1000069933,baseball/mlb
Cincinnati Reds,baseball__cincinnati_reds,prod-1000089501,baseball/mlb
Kansas City Royals,baseball__kansas_city_royals,prod-1000041292,baseball/mlb
Tampa Bay Rays,baseball__tampa_bay_rays,prod-1000052995,baseball/mlb
Seattle Mariners,baseball__seattle_mariners,prod-1000003102,baseball/mlb
Minnesota Twins,baseball__minnesota_twins,prod-1000062357,baseball/mlb
Chicago Cubs,baseball__chicago_cubs,prod-1000008384,baseball/mlb
St. Louis Cardinals,baseball__st._louis_cardinals,prod-1000012570,baseball/mlb
Houston Astros,baseball__houston_astros,prod-1000032711,baseball/mlb
Philadelphia Phillies,baseball__philadelphia_phillies,prod-1000039633,baseball/mlb
Colorado Rockies,baseball__colorado_rockies,prod-1000018852,baseball/mlb
Los Angeles Dodgers,baseball__los_angeles_dodgers,prod-1000031308,baseball/mlb
Miami Marlins,baseball__miami_marlins,prod-1000037946,baseball/mlb
San Francisco Giants,baseball__san_francisco_giants,prod-1000077734,baseball/mlb
American League,baseball__american_league,prod-1000061012,baseball/mlb
National League,baseball__national_league,prod-1005616770,baseball/mlb
Denver Nuggets,basketball__denver_nuggets,prod-1000000222,basketball/nba
Portland Trail Blazers,basketball__portland_trail_blazers,prod-1000000227,basketball/nba
Minnesota Timberwolves,basketball__minnesota_timberwolves,prod-1000027507,basketball/nba
Utah Jazz,basketball__utah_jazz,prod-1000052893,basketball/nba
Oklahoma City Thunder,basketball__oklahoma_city_thunder,prod-1000457716,basketball/nba
Chicago Bulls,basketball__chicago_bulls,prod-1000000215,basketball/nba
Cleveland Cavaliers,basketball__cleveland_cavaliers,prod-1000000216,basketball/nba
Detroit Pistons,basketball__detroit_pistons,prod-1000000217,basketball/nba
Indiana Pacers,basketball__indiana_pacers,prod-1000000218,basketball/nba
Milwaukee Bucks,basketball__milwaukee_bucks,prod-1000000219,basketball/nba
Brooklyn Nets,basketball__brooklyn_nets,prod-1000000213,basketball/nba
Toronto Raptors,basketball__toronto_raptors,prod-1000000220,basketball/nba
Boston Celtics,basketball__boston_celtics,prod-1000031335,basketball/nba
Philadelphia 76ers,basketball__philadelphia_76ers,prod-1000058061,basketball/nba
New York Knicks,basketball__new_york_knicks,prod-1000067568,basketball/nba
Golden State Warriors,basketball__golden_state_warriors,prod-1000000224,basketball/nba
LA Clippers,basketball__la_clippers,prod-1000000225,basketball/nba
Los Angeles Lakers,basketball__los_angeles_lakers,prod-1000000226,basketball/nba
Sacramento Kings,basketball__sacramento_kings,prod-1000000228,basketball/nba
Phoenix Suns,basketball__phoenix_suns,prod-1000000538,basketball/nba
Dallas Mavericks,basketball__dallas_mavericks,prod-1000000221,basketball/nba
San Antonio Spurs,basketball__san_antonio_spurs,prod-1000000223,basketball/nba
Memphis Grizzlies,basketball__memphis_grizzlies,prod-1000000343,basketball/nba
Houston Rockets,basketball__houston_rockets,prod-1000018005,basketball/nba
New Orleans Pelicans,basketball__new_orleans_pelicans,prod-1000090614,basketball/nba
Miami Heat,basketball__miami_heat,prod-1000000212,basketball/nba
Washington Wizards,basketball__washington_wizards,prod-1000000214,basketball/nba
Charlotte Hornets,basketball__charlotte_hornets,prod-1000014411,basketball/nba
Atlanta Hawks,basketball__atlanta_hawks,prod-1000037508,basketball/nba
Orlando Magic,basketball__orlando_magic,prod-1000080666,basketball/nba
Connecticut Sun (W),basketball__connecticut_sun_(w),prod-1000071005,basketball/wnba
Las Vegas Aces (W),basketball__las_vegas_aces_(w),prod-1004642763,basketball/wnba
New York Liberty (W),basketball__new_york_liberty_(w),prod-1000080278,basketball/wnba
Golden State Valkyries (W),basketball__golden_state_valkyries_(w),prod-1030204546,basketball/wnba
Indiana Fever (W),basketball__indiana_fever_(w),prod-1000037106,basketball/wnba
Los Angeles Sparks (W),basketball__los_angeles_sparks_(w),prod-1000076511,basketball/wnba
Washington Mystics (W),basketball__washington_mystics_(w),prod-1000061281,basketball/wnba
Minnesota Lynx (W),basketball__minnesota_lynx_(w),prod-1000054064,basketball/wnba
Chicago Sky (W),basketball__chicago_sky_(w),prod-1000029169,basketball/wnba
Phoenix Mercury (W),basketball__phoenix_mercury_(w),prod-1000031932,basketball/wnba
Seattle Storm (W),basketball__seattle_storm_(w),prod-1000043286,basketball/wnba
Atlanta Dream (W),basketball__atlanta_dream_(w),prod-1000314212,basketball/wnba
Dallas Wings (W),basketball__dallas_wings_(w),prod-1003140037,basketball/wnba